iso2,cpu_servers,gpu_servers,storage_servers,total_servers,racks,total_it_mw,design_mw,sites,avg_mw_per_site,capex_eur_mm,opex_power_eur_mm_yr,opex_total_eur_mm_yr
AT,1882,131,726,2739,85.6,4.52,6.77,3,2.26,161.5,9.8,17.1
BE,2430,167,930,3527,110.2,5.8,8.71,3,2.9,207.2,11.9,21.2
BG,1239,71,439,1749,54.7,2.79,4.19,3,1.4,97.7,4.3,8.7
CY,338,25,139,502,15.7,0.83,1.25,2,0.63,30.1,2.2,3.6
CZ,1945,116,720,2781,86.9,4.46,6.69,3,2.23,157.0,8.9,16.0
DE,16970,1159,6498,24627,769.6,40.47,60.71,6,10.12,1443.9,100.3,165.3
DK,1258,100,503,1861,58.2,3.15,4.73,3,1.58,114.2,4.2,9.3
EE,386,30,158,574,17.9,0.96,1.45,3,0.48,35.0,1.5,3.1
EL,1792,96,648,2536,79.2,3.99,5.99,3,2.0,139.2,7.6,13.9
ES,8730,531,3253,12514,391.1,20.13,30.2,4,7.55,710.4,29.2,61.2
FI,1173,89,453,1715,53.6,2.88,4.32,3,1.44,103.7,2.4,7.0
FR,13090,840,4941,18871,589.7,30.65,45.98,4,11.49,1087.1,51.5,100.4
HR,653,37,240,930,29.1,1.48,2.22,3,0.74,51.8,2.5,4.8
HU,1715,90,610,2415,75.5,3.79,5.69,3,1.9,131.9,8.9,14.8
IE,1338,125,563,2026,63.3,3.55,5.32,3,1.77,130.8,9.9,15.8
IT,10208,671,3895,14774,461.7,24.09,36.14,4,9.04,856.8,58.1,96.7
LT,584,39,213,836,26.1,1.37,2.06,3,0.69,48.7,2.4,4.6
LU,354,27,145,526,16.4,0.88,1.32,2,0.66,31.8,1.7,3.1
LV,417,30,161,608,19.0,1.01,1.51,3,0.5,36.2,1.5,3.1
MT,338,25,139,502,15.7,0.83,1.25,2,0.63,30.1,1.2,2.6
NL,3897,281,1513,5691,177.8,9.45,14.17,3,4.72,339.0,20.6,35.9
PL,7199,431,2597,10227,319.6,16.45,24.67,4,6.17,577.9,34.8,60.9
PT,1964,109,720,2793,87.3,4.42,6.63,3,2.21,154.8,6.4,13.4
RO,3438,211,1245,4894,152.9,7.91,11.86,4,2.96,278.4,16.3,28.9
SE,2207,152,848,3207,100.2,5.28,7.92,3,2.64,188.5,5.6,14.1
SI,390,27,154,571,17.8,0.94,1.41,3,0.47,33.6,1.5,3.1
SK,972,53,350,1375,43.0,2.17,3.26,3,1.09,75.8,5.0,8.4
