iso,column,value,current,dataset,period,updated,retrieved
AT,elec_price_eur_mwh,198.6,198.6,nrg_pc_205,2025-S2,2026-08-11T23:00:00+0200,2026-09-11
AT,gdp_eur_bn,514.3,514.3,nama_10_gdp,2025,2026-09-08T11:00:00+0200,2026-09-11
AT,gov_employment_k,278.8,332.8,nama_10_a64_e,2023,2026-09-09T23:00:00+0200,2026-09-11
AT,land_km2,82519,82519,reg_area3,2019,2026-01-22T23:00:00+0100,2026-09-11
AT,population_m,9.197,9.197,tps00001,2025,2026-07-21T23:00:00+0200,2026-09-11
AT,renewables_pct,90.1,90.1,nrg_ind_ren,2024,2026-07-14T11:00:00+0200,2026-09-11
BE,elec_price_eur_mwh,186.6,186.6,nrg_pc_205,2025-S2,2026-08-11T23:00:00+0200,2026-09-11
BE,gdp_eur_bn,642.0,642.0,nama_10_gdp,2025,2026-09-08T11:00:00+0200,2026-09-11
BE,gov_employment_k,454.0,447.3,nama_10_a64_e,2023,2026-09-09T23:00:00+0200,2026-09-11
BE,land_km2,30451,30451,reg_area3,2019,2026-01-22T23:00:00+0100,2026-09-11
BE,population_m,11.883,11.883,tps00001,2025,2026-07-21T23:00:00+0200,2026-09-11
BE,renewables_pct,31.3,31.3,nrg_ind_ren,2024,2026-07-14T11:00:00+0200,2026-09-11
BG,elec_price_eur_mwh,141.3,141.3,nrg_pc_205,2025-S2,2026-08-11T23:00:00+0200,2026-09-11
BG,gdp_eur_bn,116.0,116.0,nama_10_gdp,2025,2026-09-08T11:00:00+0200,2026-09-11
BG,gov_employment_k,216.6,220.3,nama_10_a64_e,2023,2026-09-09T23:00:00+0200,2026-09-11
BG,land_km2,110001,110001,reg_area3,2019,2026-01-22T23:00:00+0100,2026-09-11
BG,population_m,6.437,6.437,tps00001,2025,2026-07-21T23:00:00+0200,2026-09-11
BG,renewables_pct,33.8,33.8,nrg_ind_ren,2024,2026-07-14T11:00:00+0200,2026-09-11
CY,elec_price_eur_mwh,242.9,242.9,nrg_pc_205,2025-S2,2026-08-11T23:00:00+0200,2026-09-11
CY,gdp_eur_bn,36.5,36.5,nama_10_gdp,2025,2026-09-08T11:00:00+0200,2026-09-11
CY,gov_employment_k,34.9,35.9,nama_10_a64_e,2023,2026-09-09T23:00:00+0200,2026-09-11
CY,land_km2,9213,9213,reg_area3,2019,2026-01-22T23:00:00+0100,2026-09-11
CY,population_m,0.983,0.983,tps00001,2025,2026-07-21T23:00:00+0200,2026-09-11
CY,renewables_pct,24.1,24.1,nrg_ind_ren,2024,2026-07-14T11:00:00+0200,2026-09-11
CZ,elec_price_eur_mwh,182.5,182.5,nrg_pc_205,2025-S2,2026-08-11T23:00:00+0200,2026-09-11
CZ,gdp_eur_bn,347.3,347.3,nama_10_gdp,2025,2026-09-08T11:00:00+0200,2026-09-11
CZ,gov_employment_k,329.1,342.7,nama_10_a64_e,2023,2026-09-09T23:00:00+0200,2026-09-11
CZ,land_km2,77212,77212,reg_area3,2019,2026-01-22T23:00:00+0100,2026-09-11
CZ,population_m,10.909,10.909,tps00001,2025,2026-07-21T23:00:00+0200,2026-09-11
CZ,renewables_pct,17.9,17.9,nrg_ind_ren,2024,2026-07-14T11:00:00+0200,2026-09-11
DE,elec_price_eur_mwh,226.4,226.4,nrg_pc_205,2025-S2,2026-08-11T23:00:00+0200,2026-09-11
DE,gdp_eur_bn,4529.7,4529.7,nama_10_gdp,2025,2026-09-08T11:00:00+0200,2026-09-11
DE,gov_employment_k,2889.0,3041.3,nama_10_a64_e,2023,2026-09-09T23:00:00+0200,2026-09-11
DE,land_km2,353296,353296,reg_area3,2019,2026-01-22T23:00:00+0100,2026-09-11
DE,population_m,83.577,83.577,tps00001,2025,2026-07-21T23:00:00+0200,2026-09-11
DE,renewables_pct,54.1,54.1,nrg_ind_ren,2024,2026-07-14T11:00:00+0200,2026-09-11
DK,elec_price_eur_mwh,121.6,121.6,nrg_pc_205,2025-S2,2026-08-11T23:00:00+0200,2026-09-11
DK,gdp_eur_bn,417.8,417.8,nama_10_gdp,2025,2026-09-08T11:00:00+0200,2026-09-11
DK,gov_employment_k,167.5,166.0,nama_10_a64_e,2023,2026-09-09T23:00:00+0200,2026-09-11
DK,land_km2,41987,41987,reg_area3,2019,2026-01-22T23:00:00+0100,2026-09-11
DK,population_m,5.993,5.993,tps00001,2025,2026-07-21T23:00:00+0200,2026-09-11
DK,renewables_pct,79.7,79.7,nrg_ind_ren,2024,2026-07-14T11:00:00+0200,2026-09-11
EE,elec_price_eur_mwh,141.0,141.0,nrg_pc_205,2025-S2,2026-08-11T23:00:00+0200,2026-09-11
EE,gdp_eur_bn,41.9,41.9,nama_10_gdp,2025,2026-09-08T11:00:00+0200,2026-09-11
EE,gov_employment_k,44.2,37.1,nama_10_a64_e,2023,2026-09-09T23:00:00+0200,2026-09-11
EE,land_km2,43466,43466,reg_area3,2019,2026-01-22T23:00:00+0100,2026-09-11
EE,population_m,1.370,1.370,tps00001,2025,2026-07-21T23:00:00+0200,2026-09-11
EE,renewables_pct,38.9,38.9,nrg_ind_ren,2024,2026-07-14T11:00:00+0200,2026-09-11
EL,elec_price_eur_mwh,173.8,173.8,nrg_pc_205,2025-S2,2026-08-11T23:00:00+0200,2026-09-11
EL,gdp_eur_bn,248.4,248.4,nama_10_gdp,2025,2026-09-08T11:00:00+0200,2026-09-11
EL,gov_employment_k,397.7,346.5,nama_10_a64_e,2023,2026-09-09T23:00:00+0200,2026-09-11
EL,land_km2,130048,130048,reg_area3,2019,2026-01-22T23:00:00+0100,2026-09-11
EL,population_m,10.372,10.372,tps00001,2025,2026-07-21T23:00:00+0200,2026-09-11
EL,renewables_pct,51.2,51.2,nrg_ind_ren,2024,2026-07-14T11:00:00+0200,2026-09-11
ES,elec_price_eur_mwh,132.4,132.4,nrg_pc_205,2025-S2,2026-08-11T23:00:00+0200,2026-09-11
ES,gdp_eur_bn,1687.2,1687.2,nama_10_gdp,2025,2026-09-08T11:00:00+0200,2026-09-11
ES,gov_employment_k,1678.5,1400.9,nama_10_a64_e,2023,2026-09-09T23:00:00+0200,2026-09-11
ES,land_km2,502654,502654,reg_area3,2019,2026-01-22T23:00:00+0100,2026-09-11
ES,population_m,49.128,49.128,tps00001,2025,2026-07-21T23:00:00+0200,2026-09-11
ES,renewables_pct,59.7,59.7,nrg_ind_ren,2024,2026-07-14T11:00:00+0200,2026-09-11
FI,elec_price_eur_mwh,74.8,74.8,nrg_pc_205,2025-S2,2026-08-11T23:00:00+0200,2026-09-11
FI,gdp_eur_bn,281.7,281.7,nama_10_gdp,2025,2026-09-08T11:00:00+0200,2026-09-11
FI,gov_employment_k,149.1,116.1,nama_10_a64_e,2023,2026-09-09T23:00:00+0200,2026-09-11
FI,land_km2,304316,304316,reg_area3,2019,2026-01-22T23:00:00+0100,2026-09-11
FI,population_m,5.636,5.636,tps00001,2025,2026-07-21T23:00:00+0200,2026-09-11
FI,renewables_pct,54.3,54.3,nrg_ind_ren,2024,2026-07-14T11:00:00+0200,2026-09-11
FR,elec_price_eur_mwh,153.4,153.4,nrg_pc_205,2025-S2,2026-08-11T23:00:00+0200,2026-09-11
FR,gdp_eur_bn,2991.1,2991.1,nama_10_gdp,2025,2026-09-08T11:00:00+0200,2026-09-11
FR,gov_employment_k,2481.4,2271.5,nama_10_a64_e,2023,2026-09-09T23:00:00+0200,2026-09-11
FR,land_km2,633886,633886,reg_area3,2019,2026-01-22T23:00:00+0100,2026-09-11
FR,population_m,68.883,68.883,tps00001,2025,2026-07-21T23:00:00+0200,2026-09-11
FR,renewables_pct,31.3,31.3,nrg_ind_ren,2024,2026-07-14T11:00:00+0200,2026-09-11
HR,elec_price_eur_mwh,154.8,154.8,nrg_pc_205,2025-S2,2026-08-11T23:00:00+0200,2026-09-11
HR,gdp_eur_bn,93.0,93.0,nama_10_gdp,2025,2026-09-08T11:00:00+0200,2026-09-11
HR,gov_employment_k,115.8,110.0,nama_10_a64_e,2023,2026-09-09T23:00:00+0200,2026-09-11
HR,land_km2,55896,55896,reg_area3,2019,2026-01-22T23:00:00+0100,2026-09-11
HR,population_m,3.874,3.874,tps00001,2025,2026-07-21T23:00:00+0200,2026-09-11
HR,renewables_pct,58.0,58.0,nrg_ind_ren,2024,2026-07-14T11:00:00+0200,2026-09-11
HU,elec_price_eur_mwh,213.2,213.2,nrg_pc_205,2025-S2,2026-08-11T23:00:00+0200,2026-09-11
HU,gdp_eur_bn,218.8,218.8,nama_10_gdp,2025,2026-09-08T11:00:00+0200,2026-09-11
HU,gov_employment_k,343.8,397.5,nama_10_a64_e,2023,2026-09-09T23:00:00+0200,2026-09-11
HU,land_km2,91248,91248,reg_area3,2019,2026-01-22T23:00:00+0100,2026-09-11
HU,population_m,9.540,9.540,tps00001,2025,2026-07-21T23:00:00+0200,2026-09-11
HU,renewables_pct,24.1,24.1,nrg_ind_ren,2024,2026-07-14T11:00:00+0200,2026-09-11
IE,elec_price_eur_mwh,255.2,255.2,nrg_pc_205,2025-S2,2026-08-11T23:00:00+0200,2026-09-11
IE,gdp_eur_bn,602.4,602.4,nama_10_gdp,2025,2026-09-08T11:00:00+0200,2026-09-11
IE,gov_employment_k,142.2,143.5,nama_10_a64_e,2023,2026-09-09T23:00:00+0200,2026-09-11
IE,land_km2,68655,68655,reg_area3,2019,2026-01-22T23:00:00+0100,2026-09-11
IE,population_m,5.440,5.440,tps00001,2025,2026-07-21T23:00:00+0200,2026-09-11
IE,renewables_pct,41.3,41.3,nrg_ind_ren,2024,2026-07-14T11:00:00+0200,2026-09-11
IT,elec_price_eur_mwh,220.3,220.3,nrg_pc_205,2025-S2,2026-08-11T23:00:00+0200,2026-09-11
IT,gdp_eur_bn,2258.0,2258.0,nama_10_gdp,2025,2026-09-08T11:00:00+0200,2026-09-11
IT,gov_employment_k,1203.6,1158.6,nama_10_a64_e,2023,2026-09-09T23:00:00+0200,2026-09-11
IT,land_km2,297734,297734,reg_area3,2019,2026-01-22T23:00:00+0100,2026-09-11
IT,population_m,58.943,58.943,tps00001,2025,2026-07-21T23:00:00+0200,2026-09-11
IT,renewables_pct,40.7,40.7,nrg_ind_ren,2024,2026-07-14T11:00:00+0200,2026-09-11
LT,elec_price_eur_mwh,159.1,159.1,nrg_pc_205,2025-S2,2026-08-11T23:00:00+0200,2026-09-11
LT,gdp_eur_bn,84.3,84.3,nama_10_gdp,2025,2026-09-08T11:00:00+0200,2026-09-11
LT,gov_employment_k,92.3,94.3,nama_10_a64_e,2023,2026-09-09T23:00:00+0200,2026-09-11
LT,land_km2,62643,62643,reg_area3,2019,2026-01-22T23:00:00+0100,2026-09-11
LT,population_m,2.891,2.891,tps00001,2025,2026-07-21T23:00:00+0200,2026-09-11
LT,renewables_pct,49.0,49.0,nrg_ind_ren,2024,2026-07-14T11:00:00+0200,2026-09-11
LU,elec_price_eur_mwh,171.7,171.7,nrg_pc_205,2025-S2,2026-08-11T23:00:00+0200,2026-09-11
LU,gdp_eur_bn,89.5,89.5,nama_10_gdp,2025,2026-09-08T11:00:00+0200,2026-09-11
LU,gov_employment_k,31.3,38.3,nama_10_a64_e,2023,2026-09-09T23:00:00+0200,2026-09-11
LU,land_km2,2586,2586,reg_area3,2019,2026-01-22T23:00:00+0100,2026-09-11
LU,population_m,0.682,0.682,tps00001,2025,2026-07-21T23:00:00+0200,2026-09-11
LU,renewables_pct,20.5,20.5,nrg_ind_ren,2024,2026-07-14T11:00:00+0200,2026-09-11
LV,elec_price_eur_mwh,136.1,136.1,nrg_pc_205,2025-S2,2026-08-11T23:00:00+0200,2026-09-11
LV,gdp_eur_bn,43.0,43.0,nama_10_gdp,2025,2026-09-08T11:00:00+0200,2026-09-11
LV,gov_employment_k,63.6,63.0,nama_10_a64_e,2023,2026-09-09T23:00:00+0200,2026-09-11
LV,land_km2,63290,63290,reg_area3,2019,2026-01-22T23:00:00+0100,2026-09-11
LV,population_m,1.861,1.861,tps00001,2025,2026-07-21T23:00:00+0200,2026-09-11
LV,renewables_pct,55.5,55.5,nrg_ind_ren,2024,2026-07-14T11:00:00+0200,2026-09-11
MT,elec_price_eur_mwh,135.2,135.2,nrg_pc_205,2025-S2,2026-08-11T23:00:00+0200,2026-09-11
MT,gdp_eur_bn,24.7,24.7,nama_10_gdp,2025,2026-09-08T11:00:00+0200,2026-09-11
MT,gov_employment_k,19.3,23.6,nama_10_a64_e,2023,2026-09-09T23:00:00+0200,2026-09-11
MT,land_km2,313,313,reg_area3,2019,2026-01-22T23:00:00+0100,2026-09-11
MT,population_m,0.574,0.574,tps00001,2025,2026-07-21T23:00:00+0200,2026-09-11
MT,renewables_pct,10.7,10.7,nrg_ind_ren,2024,2026-07-14T11:00:00+0200,2026-09-11
NL,elec_price_eur_mwh,199.1,199.1,nrg_pc_205,2025-S2,2026-08-11T23:00:00+0200,2026-09-11
NL,gdp_eur_bn,1170.6,1170.6,nama_10_gdp,2025,2026-09-08T11:00:00+0200,2026-09-11
NL,gov_employment_k,638.0,716.4,nama_10_a64_e,2023,2026-09-09T23:00:00+0200,2026-09-11
NL,land_km2,34188,34188,reg_area3,2019,2026-01-22T23:00:00+0100,2026-09-11
NL,population_m,18.044,18.044,tps00001,2025,2026-07-21T23:00:00+0200,2026-09-11
NL,renewables_pct,50.5,50.5,nrg_ind_ren,2024,2026-07-14T11:00:00+0200,2026-09-11
PL,elec_price_eur_mwh,193.5,193.5,nrg_pc_205,2025-S2,2026-08-11T23:00:00+0200,2026-09-11
PL,gdp_eur_bn,922.9,922.9,nama_10_gdp,2025,2026-09-08T11:00:00+0200,2026-09-11
PL,gov_employment_k,1217.1,1214.6,nama_10_a64_e,2023,2026-09-09T23:00:00+0200,2026-09-11
PL,land_km2,307236,307236,reg_area3,2019,2026-01-22T23:00:00+0100,2026-09-11
PL,population_m,36.497,36.497,tps00001,2025,2026-07-21T23:00:00+0200,2026-09-11
PL,renewables_pct,30.4,30.4,nrg_ind_ren,2024,2026-07-14T11:00:00+0200,2026-09-11
PT,elec_price_eur_mwh,132.9,132.9,nrg_pc_205,2025-S2,2026-08-11T23:00:00+0200,2026-09-11
PT,gdp_eur_bn,306.7,306.7,nama_10_gdp,2025,2026-09-08T11:00:00+0200,2026-09-11
PT,gov_employment_k,308.9,342.0,nama_10_a64_e,2023,2026-09-09T23:00:00+0200,2026-09-11
PT,land_km2,90996,90996,reg_area3,2019,2026-01-22T23:00:00+0100,2026-09-11
PT,population_m,11.387,11.387,tps00001,2025,2026-07-21T23:00:00+0200,2026-09-11
PT,renewables_pct,65.8,65.8,nrg_ind_ren,2024,2026-07-14T11:00:00+0200,2026-09-11
RO,elec_price_eur_mwh,188.7,188.7,nrg_pc_205,2025-S2,2026-08-11T23:00:00+0200,2026-09-11
RO,gdp_eur_bn,380.1,380.1,nama_10_gdp,2025,2026-09-08T11:00:00+0200,2026-09-11
RO,gov_employment_k,388.0,396.1,nama_10_a64_e,2023,2026-09-09T23:00:00+0200,2026-09-11
RO,land_km2,234270,234270,reg_area3,2019,2026-01-22T23:00:00+0100,2026-09-11
RO,population_m,19.043,19.043,tps00001,2025,2026-07-21T23:00:00+0200,2026-09-11
RO,renewables_pct,47.6,47.6,nrg_ind_ren,2024,2026-07-14T11:00:00+0200,2026-09-11
SE,elec_price_eur_mwh,97.0,97.0,nrg_pc_205,2025-S2,2026-08-11T23:00:00+0200,2026-09-11
SE,gdp_eur_bn,600.4,600.4,nama_10_gdp,2025,2026-09-08T11:00:00+0200,2026-09-11
SE,gov_employment_k,247.0,420.4,nama_10_a64_e,2023,2026-09-09T23:00:00+0200,2026-09-11
SE,land_km2,407300,407300,reg_area3,2019,2026-01-22T23:00:00+0100,2026-09-11
SE,population_m,10.588,10.588,tps00001,2025,2026-07-21T23:00:00+0200,2026-09-11
SE,renewables_pct,88.1,88.1,nrg_ind_ren,2024,2026-07-14T11:00:00+0200,2026-09-11
SI,elec_price_eur_mwh,150.3,150.3,nrg_pc_205,2025-S2,2026-08-11T23:00:00+0200,2026-09-11
SI,gdp_eur_bn,71.2,71.2,nama_10_gdp,2025,2026-09-08T11:00:00+0200,2026-09-11
SI,gov_employment_k,50.6,51.4,nama_10_a64_e,2023,2026-09-09T23:00:00+0200,2026-09-11
SI,land_km2,20145,20145,reg_area3,2019,2026-01-22T23:00:00+0100,2026-09-11
SI,population_m,2.131,2.131,tps00001,2025,2026-07-21T23:00:00+0200,2026-09-11
SI,renewables_pct,43.1,43.1,nrg_ind_ren,2024,2026-07-14T11:00:00+0200,2026-09-11
SK,elec_price_eur_mwh,209.0,209.0,nrg_pc_205,2025-S2,2026-08-11T23:00:00+0200,2026-09-11
SK,gdp_eur_bn,136.8,136.8,nama_10_gdp,2025,2026-09-08T11:00:00+0200,2026-09-11
SK,gov_employment_k,167.7,210.2,nama_10_a64_e,2023,2026-09-09T23:00:00+0200,2026-09-11
SK,land_km2,48702,48702,reg_area3,2019,2026-01-22T23:00:00+0100,2026-09-11
SK,population_m,5.419,5.419,tps00001,2025,2026-07-21T23:00:00+0200,2026-09-11
SK,renewables_pct,24.9,24.9,nrg_ind_ren,2024,2026-07-14T11:00:00+0200,2026-09-11
