class_id,domain,tier,recoverability,label,contains,why_it_cannot_depend_on_foreign_control
civil_registry,identity,0,low,Civil registry core,"Births, deaths, marriages, residence and the national person identifier","It defines who legally exists; every other register keys on it, and loss means re-enrolling the population"
facial_biometric,identity,0,low,Facial biometric,Facial images captured for identity documents,"Captured once at enrolment; cannot be regenerated without re-enrolling every holder"
fingerprint_biometric,identity,0,low,Fingerprint biometric,Fingerprints captured for passports and ID cards where retained centrally,"Biometric templates are permanent identifiers; a foreign-compelled copy is irrevocable"
breeder_documents,identity,0,low,Breeder document scans,"Birth certificates, naturalisation decrees and other documents that establish identity","The evidential root of identity; originals are often not held elsewhere"
issuance_history,identity,0,medium,Document issuance history,"Which passports and ID cards were issued to whom, and their revocation state","Needed to detect fraud and to revoke; partial rebuild possible from document chips in circulation"
digital_identity_credentials,identity,0,medium,Digital identity credentials,"The national eID scheme's accounts, credentials and assurance levels","Every online public service authenticates through it; outage or compromise stops digital government"
authentication_audit_log,identity,0,low,Authentication audit log,Records of who authenticated to which public service and when,"Evidence for fraud and abuse cases; lost or altered logs cannot be recreated"
electoral_roll,identity,0,medium,Electoral roll entry,Who is entitled to vote where,"Integrity of elections depends on it; tampering is a direct attack on the franchise"
trust_services_pki,identity,0,medium,State PKI and qualified trust services,"Root and issuing certificate authorities for government, qualified signatures and seals","Every signed document and encrypted channel of the state chains to these keys"
residence_permits,identity,1,medium,Residence and migration status,"Residence permits, asylum status and foreign-national registrations","Determines legal presence and rights of non-citizens; errors are enforceable against people"
tax,fiscal,1,medium,Tax,"Tax assessments, returns and payment history for persons and companies","The state's revenue base; loss or manipulation is fiscal and legal harm at national scale"
customs,fiscal,1,medium,Customs declarations,Import and export declarations and duty assessments,"Revenue, trade control and sanctions enforcement run on it"
benefits_pensions,social,1,medium,Benefits & pensions,"Entitlements, contributions and payment history for social security and state pensions","Millions of monthly payments depend on it; contribution history is hard to reconstruct"
health_insurance,social,1,medium,Statutory health insurance,Enrolment and entitlement records of the statutory health insurance scheme,"Access to care is gated on entitlement checks"
land_property,property,1,low,Land & property registry,"Title, ownership, mortgages and cadastral parcels","Ownership is whatever the register says; history cannot be rebuilt once lost"
business_registry,economy,1,medium,Business registry,"Legal entities, officers and filings","Legal capacity of companies and the basis for contracts and procurement"
beneficial_ownership,economy,1,medium,Beneficial ownership register,Ultimate beneficial owners of legal entities,"Anti-money-laundering and sanctions enforcement depend on it"
vehicle_licensing,transport,1,medium,Vehicle & licensing,Vehicle registrations and driving licences,"Road safety, policing and insurance query it continuously"
judicial_criminal,justice,1,low,Judicial & criminal justice,"Criminal records, court case files and judgments","Liberty depends on it; records of convictions and proceedings cannot be recreated"
police_records,justice,1,low,Police information systems,"Investigations, wanted persons and national police databases","Operational policing and cross-border alerts; a foreign-compelled disclosure compromises investigations"
border_control,justice,1,medium,Border and visa systems,"National parts of SIS, VIS and Entry/Exit, visa and border-crossing records","Schengen border integrity; national copies feed EU systems"
firearms_register,justice,1,medium,Firearms register,Licensed firearms and their holders,"Public safety and policing"
official_gazette,governance,1,high,Official gazette and legislation,Authentic text of laws and regulations,"The legally binding version of the law must be under the state's control"
public_finance,governance,1,medium,Treasury and state accounts,"Budget execution, treasury payments and government accounting","The state's ability to pay and to account for public money"
government_payroll,governance,1,medium,Government payroll and personnel,"Civil service and armed forces payroll and personnel records","Pays the people who run the state; personnel files are sensitive"
electoral_management,governance,1,medium,Election management and results,"Candidate lists, polling logistics and results tabulation systems","Public trust in results depends on control of the systems that count them"
central_bank,finance,1,medium,Central bank systems,"Central bank accounts, national payment infrastructure and reserves records","Monetary and payment stability"
defence_command,security,1,low,Defence command and logistics,"Military command-and-control, logistics and mission data","Sovereign defence cannot run on infrastructure another state can compel or switch off"
intelligence,security,1,low,Intelligence services,Intelligence holdings and case files,"By definition may not be exposed to foreign jurisdiction"
emergency_communications,security,1,medium,Emergency calls and public-safety radio,"112/PSAP systems, emergency dispatch and TETRA/public-safety networks","Lives depend on availability during exactly the crises that disrupt foreign providers"
crisis_management,security,1,medium,Crisis management and civil protection,"National crisis centre systems, alerting and continuity plans","Must work when everything else fails"
grid_control,infrastructure,1,medium,Electricity grid control,Transmission system operator control and market systems (SCADA/EMS),"Remote control of the grid is national-security-critical"
water_control,infrastructure,1,medium,Water management control,"Flood defence, water board and drinking-water control systems","Physical safety of the population; for low-lying states existential"
health_records,health,2,low,Health records,National electronic health record or summary care record,"Most sensitive personal data category; patient history cannot be rebuilt"
public_health_surveillance,health,2,medium,Public health surveillance,"Notifiable disease, vaccination and pandemic surveillance registers","Needed exactly in cross-border crises when other states' priorities diverge"
education,education,1,medium,Education,"Student records, diplomas and qualifications","Qualifications evidence careers; diploma fraud undermines professional regulation"
statistics_microdata,statistics,2,high,Statistical microdata,"National statistics institute microdata and census files","Confidential by statute; can largely be re-derived from the source registers"
geospatial,property,3,high,Geospatial base data,"Topographic maps, orthophotos and address/building base registers","Large volumes; mostly reproducible, but address registers are an authoritative base"
national_archives,governance,3,low,National archives (digital),"Digitally transferred government records under archive law","The long-term memory of the state; destroyed records are gone"
