iso,function,body,body_url,route_type,route_url,publisher,retrieved,confidence,quote
AT,press,Bundeskanzleramt – Pressekontakte,https://www.bundeskanzleramt.gv.at/medien/pressekontakte.html,press,https://www.bundeskanzleramt.gv.at/medien/pressekontakte.html,Bundeskanzleramt Österreich,2026-09-24,primary,Ressort- und verwaltungsspezifische Presseanfragen
BE,operator,Smals asbl,https://www.smals.be/fr/qui-sommes-nous/organisation,webform,https://www.smals.be/fr/form/contact,Smals,2026-09-24,primary,Smals fournit à ses membres uniquement des services qu'elle facture au prix de revient.
BE,press,Smals – Informations pour la presse,https://www.smals.be/fr/qui-sommes-nous/informations-pour-la-presse,press,https://www.smals.be/fr/qui-sommes-nous/informations-pour-la-presse,Smals,2026-09-24,primary,Vous trouverez ici nos communiqués de presse ainsi que les coordonnées de nos porte-parole.
BG,operator,Информационно обслужване АД (State Hybrid Private Cloud),https://www.is-bg.net/bg/about/board,webform,https://www.is-bg.net/bg/about/contact,is-bg.net,2026-09-24,primary,"Съгласно устава си, Информационно обслужване се управлява от 5-членен Съвет на директорите."
CZ,scrutiny,Nejvyšší kontrolní úřad (NKÚ),https://www.nku.cz/cz/o-nas/kontakty/,webform,https://www.nku.cz/cz/o-nas/kontakty/napiste-nam/,Nejvyšší kontrolní úřad,2026-09-24,primary,Prezident NKÚ Viceprezident NKÚ Kolegium NKÚ
CZ,scrutiny,Poslanecká sněmovna – Výbor pro veřejnou správu a regionální rozvoj (incl. Podvýbor pro modernizaci veřejné správy),https://www.psp.cz/sqw/hp.sqw?k=4400,general,https://www.psp.cz/sqw/hp.sqw?k=4401,Poslanecká sněmovna Parlamentu ČR,2026-09-24,primary,Výbor pro veřejnou správu a regionální rozvoj
DE,scrutiny,"Bundesrechnungshof, Pressestelle",https://www.bundesrechnungshof.de/presse/pressekontakt,press,https://www.bundesrechnungshof.de/presse/pressekontakt,bundesrechnungshof.de,2026-09-24,primary,Hier finden Sie die Kontaktdaten unserer Pressestelle
DE,press,heise online,https://www.heise.de/kontakt/,general,https://www.heise.de/kontakt/,heise.de,2026-09-24,official,heise online Kontakt
DK,press,Version2 (Ingeniøren),https://www.version2.dk/,press,https://www.version2.dk/kontakt,version2.dk,2026-09-24,primary,Version2 er en del af Ingeniøren
DK,cyber,Styrelsen for Samfundssikkerhed (former CFCS),https://www.cfcs.dk/da/om-os/,press,https://www.cfcs.dk/da/kontakt/,cfcs.dk,2026-09-24,primary,Styrelsen for Samfundssikkerhed hører under Ministeriet for Samfundssikkerhed og Beredskab og består af ca. 250 medarbejdere.
EL,operator,ΕΔΥΤΕ / GRNET,https://grnet.gr/grnet-management/,webform,https://grnet.gr/contact-us/,ΕΔΥΤΕ Α.Ε.,2026-09-24,primary,Διευθύνων Σύμβουλος Ο Διευθύνων Σύμβουλος είναι το ανώτερο εκτελεστικό όργανο της εταιρείας.
EL,cyber,Εθνική Αρχή Κυβερνοασφάλειας (ΕΑΚ),https://cyber.gov.gr/epikoinonia/,webform,https://cyber.gov.gr/epikoinonia/,Εθνική Αρχή Κυβερνοασφάλειας,2026-09-24,primary,Απευθυνθείτε στην ΕΑΚ μέσω αυτής της Φόρμας Επικοινωνίας για τυχόν απορίες που άπτονται των αρμοδιοτήτων της.
EU,policy,CISPE (Cloud Infrastructure Services Providers in Europe),https://www.cispe.cloud/,webform,https://www.cispe.cloud/general-inquiries/,CISPE,2026-09-24,primary,General Inquiries – CISPE
EU,operator,EuroHPC Joint Undertaking,https://www.eurohpc-ju.europa.eu/about/staff_en,webform,https://eurohpc-ju.europa.eu/about/contact_en,EuroHPC JU,2026-09-24,primary,Media Inquiries and Event Information
EU,scrutiny,"European Court of Auditors, audit-topic suggestion form",https://www.eca.europa.eu/en/contact,webform,https://www.eca.europa.eu/en/contact,European Court of Auditors,2026-09-24,primary,"If you need any further information about the ECA or its work, or would like to suggest an audit topic, contact us by filling in this form."
EU,scrutiny,"European Parliament — Legislative Observatory, CADA procedure file 2026/0138(COD)",https://oeil.europarl.europa.eu/oeil/en/procedure-file?reference=2026/0138(COD),postal,"European Parliament, 60 rue Wiertz / Wiertzstraat 60, B-1047 Bruxelles/Brussel",European Parliament,2026-09-24,primary,"Joint committee responsible Rapporteur Appointed ITRE Industry, Research and Energy"
EU,press,ENISA press office,https://www.enisa.europa.eu/about-enisa/structure-organization/internal-structure,press,https://www.enisa.europa.eu/form/media-inquiries,ENISA,2026-09-24,primary,Contacts General queries Public Procurement Media inquiries
EU,press,EUobserver editorial team,https://euobserver.com/our-team-and-board/,general,https://euobserver.com/our-team-and-board/,EUobserver,2026-09-24,primary,Our Team and Board Our team
EU,press,European Commission Spokesperson's Service (Tech Sovereignty),https://commission.europa.eu/about/contact/press-services/press-contacts/commissions-spokespersons-service_en,press,https://commission.europa.eu/about/contact/press-services/press-contacts/commissions-spokespersons-service_en,European Commission,2026-09-24,primary,Responsibilities: | Tech Sovereignty | Defence | Space | Disinformation
EU,press,Follow the Money (tip line),https://www.ftm.eu/,webform,https://www.ftm.eu/become-a-source,Follow the Money,2026-09-24,primary,Some of our biggest stories started off with a confidential tip.
EU,cyber,European Cyber Security Organisation (ECSO) secretariat,https://ecs-org.eu/secretariat/,secretariat,https://ecs-org.eu/secretariat/,ECSO,2026-09-24,primary,Secretariat Leadership Team
FI,policy,"Valtiovarainministeriö (Ministry of Finance), public-sector ICT",https://vm.fi/en/ministers,webform,https://vm.fi/yhteystiedot,vm.fi,2026-09-24,primary,"responsible for governance policy, municipal affairs, wellbeing services counties, public sector ICT and the Government as an employer."
FI,operator,Valtori (Government ICT Centre),https://valtori.fi/,webform,https://valtori.fi/yhteystiedot,valtori.fi,2026-09-24,primary,Valtorin toimitusjohtaja Marja Rantala eläkkeelle 1.3.2026
FR,certification,"ANSSI, qualification (SecNumCloud)",https://cyber.gouv.fr/contact-acces/contact/,general,https://cyber.gouv.fr/contact-acces/contact/,cyber.gouv.fr,2026-09-24,primary,La qualification qualification [at] ssi.gouv.fr
HR,operator,APIS IT d.o.o. (Centar dijeljenih usluga / državni oblak),https://www.apis-it.hr/,webform,https://www.apis-it.hr/,apis-it.hr,2026-09-24,secondary,Agencija za podršku informacijskim sustavima i informacijskim tehnologijama
HU,policy,Tudományos és Technológiai Minisztérium (owns state digitalisation in the Magyar government),https://kormany.hu/kormanyzat/tudomanyos-es-technologiai-miniszterium,press,https://kormany.hu/kormanyzati-elerhetosegek,Magyarország Kormánya,2026-09-24,primary,"Tudományos és Technológiai Minisztérium Cím: 1011 Budapest, Vám u. 5-7."
LU,operator,Centre des technologies de l'information de l'État (CTIE),https://ctie.gouvernement.lu/fr/support/contact.html,webform,https://ctie.gouvernement.lu/fr/support/contact.html,CTIE (ctie.gouvernement.lu),2026-09-24,primary,"Centre des technologies de l'information de l'État Adresse : 560, rue de Neudorf L-2220 Luxembourg"
LU,scrutiny,"Chambre des Députés – Commission de l'Enseignement supérieur, de la Recherche et de la Digitalisation",https://www.chd.lu/fr/commission/754,webform,https://www.chd.lu/fr/contact,Chambre des Députés (chd.lu),2026-09-24,primary,"Commission de l'Enseignement supérieur, de la Recherche et de la Digitalisation Informations Ouverture 21/11/2023 Type COM. PERMANENTE"
LU,scrutiny,Chambre des Députés – Commission des Comptes,https://www.chd.lu/fr/commission/740,webform,https://www.chd.lu/fr/contact,Chambre des Députés (chd.lu),2026-09-24,primary,Commission des Comptes Informations Ouverture 21/11/2023 Type COM. REGLEMENTAIRE
LU,dataprotection,Commission nationale pour la protection des données (CNPD),https://cnpd.public.lu/fr/support/contact.html,webform,https://cnpd.public.lu/fr/support/contact.html,CNPD (cnpd.public.lu),2026-09-24,primary,Les questions en matière de protection des données peuvent être soumises par écrit à tout moment via notre formulaire de contact
LV,operator,Latvian State Radio and Television Centre (LVRTC),https://www.lvrtc.lv/par-lvrtc/valde,general,https://www.lvrtc.lv/par-lvrtc/valde,LVRTC (lvrtc.lv),2026-09-24,primary,Latvijas Valsts radio un televīzijas centra valdes sastāvā ir trīs locekļi.
NL,policy,"Ministerie van BZK, DG Digitalisering en Overheidsorganisatie (CIO Rijk, Digitale Overheid)",https://www.rijksoverheid.nl/ministeries/ministerie-van-binnenlandse-zaken-en-koninkrijksrelaties/organisatie/organogram/dg-digitalisering-en-overheidsorganisatie,general,https://www.rijksoverheid.nl/ministeries/ministerie-van-binnenlandse-zaken-en-koninkrijksrelaties/contact,rijksoverheid.nl,2026-09-24,primary,"De directie CIO Rijk heeft als missie het bevorderen dat informatisering en ICT in het Rijk en zbo's (zelfstandig bestuursorganen) optimaal wordt vormgegeven, door het stellen van kaders en daarop toe te zien."
NL,scrutiny,Adviescollege ICT-toetsing (AcICT),https://www.adviescollegeicttoetsing.nl/,webform,https://www.adviescollegeicttoetsing.nl/contact,adviescollegeicttoetsing.nl,2026-09-24,primary,Contactformulier Adviescollege ICT-toetsing
NL,scrutiny,Algemene Rekenkamer,https://www.rekenkamer.nl/,webform,https://www.rekenkamer.nl/contact,rekenkamer.nl,2026-09-24,primary,Ik ben journalist en heb een persvraag. Hoe kan ik die stellen?
PL,press,CyberDefence24.pl (Defence24 sp. z o.o.),https://cyberdefence24.pl/,webform,https://cyberdefence24.pl/kontakt,https://cyberdefence24.pl/kontakt,2026-09-24,primary,Formularz kontaktowy Dane kontaktowe Lokalizacja
PT,policy,digital.gov.pt (PNNS programme page),https://digital.gov.pt/pt/noticias/portugal-aprova-plano-nacional-de-nuvem-soberana,general,https://digital.gov.pt/pt/noticias/portugal-aprova-plano-nacional-de-nuvem-soberana,digital.gov.pt,2026-09-24,primary,"O PNNS resulta de um processo de auscultação a mais de 100 entidades públicas e privadas, coordenado pela Agência para a Reforma Tecnológica do Estado (ARTE)."
SK,operator,Vládny cloud (MIRRI; hybrid government cloud),https://mirri.gov.sk/sekcie/informatizacia/dokumenty/vladny-cloud/,general,https://mirri.gov.sk/sekcie/informatizacia/dokumenty/vladny-cloud/,mirri.gov.sk,2026-09-24,primary,"Vládny cloud je platforma štátnej správy, ktorá dynamicky poskytuje a uvoľňuje zdieľané technické zdroje, t.j. servery, storage, databázy, aplikácie a podobne."
