iso,indicator,value
AT,C1,yes
AT,C2,yes
AT,K1,partial
AT,K2,yes
AT,L2,yes
BE,K1,yes
BE,K2,yes
BE,L2,yes
BG,C1,yes
BG,K1,yes
BG,K2,partial
CY,C1,yes
CY,C2,partial
CY,K1,partial
CY,K2,partial
CZ,C1,yes
CZ,C2,yes
CZ,K1,yes
CZ,K2,yes
CZ,L1,partial
CZ,L2,yes
DE,C1,yes
DE,C2,yes
DE,K1,yes
DE,K2,yes
DE,L1,partial
DE,L2,yes
DK,C1,yes
DK,C2,yes
DK,K1,yes
DK,K2,partial
DK,L2,partial
EE,C1,yes
EE,C2,yes
EE,L2,yes
EL,C1,yes
EL,C2,yes
EL,K1,yes
EL,K2,yes
EL,L2,yes
ES,C1,yes
ES,C2,yes
ES,K1,yes
ES,K2,yes
ES,L2,yes
FI,C1,yes
FI,C2,yes
FI,K1,yes
FI,K2,yes
FI,L1,partial
FI,L2,yes
FR,C1,yes
FR,C2,yes
FR,K1,yes
FR,K2,yes
FR,L2,yes
FR,L3,yes
HR,C1,yes
HR,C2,yes
HR,K1,yes
HR,K2,yes
HR,L1,partial
HR,L2,yes
HU,C1,yes
HU,C2,yes
HU,K1,yes
HU,K2,yes
HU,L1,partial
HU,L2,yes
HU,L3,no
IE,C1,yes
IE,C2,yes
IE,L2,partial
IT,C1,yes
IT,K1,yes
IT,K2,yes
IT,L1,yes
IT,L2,yes
IT,L3,partial
LT,C1,yes
LT,C2,yes
LT,K1,yes
LT,K2,yes
LT,L1,partial
LU,C1,yes
LU,K1,yes
LU,K2,yes
LV,C1,yes
LV,C2,yes
LV,K1,yes
LV,K2,yes
LV,L1,partial
LV,L2,yes
MT,C1,yes
MT,C2,yes
MT,K1,yes
MT,K2,yes
NL,C1,yes
NL,C2,yes
NL,K1,yes
NL,K2,yes
NL,L2,yes
NL,L3,no
PL,C2,yes
PL,K1,yes
PL,K2,yes
PL,L2,yes
PT,C1,yes
PT,C2,partial
PT,K2,yes
PT,L1,partial
PT,L2,yes
RO,C2,partial
RO,K1,yes
RO,K2,yes
RO,L2,yes
SE,C1,yes
SE,C2,yes
SE,K1,yes
SE,K2,partial
SE,L2,yes
SI,C1,yes
SI,C2,yes
SI,K1,yes
SI,K2,yes
SI,L2,yes
SK,C1,yes
SK,C2,yes
SK,K1,yes
SK,K2,yes
