claim,printed,printed_source_id,other_source_id,other_value,rule,checked
record:AT:residence_permits:register,Zentrales Fremdenregister - Central Register of Foreigners (BFA-VG § 26),ris-bka-gv-at:3ca87f5339,bmi-gv-at:93d3c9ec80,Zentrales Fremdenregister (Central Register of Foreigners),no rule settles it,2026-09-30
record:ES:fingerprint_biometric:register,The decree refers to biometric records (registros biométricos) associated with the identity of Spanish nationals,boe-es:1f4d088076,boe-es:01b693e189,ADDNIFIL (automated DNI file holding fingerprints and photographs),no rule settles it,2026-09-30
record:ES:land_property:register,Catastro Inmobiliario (Real Estate Cadastre),boe-es:49dfde29f1,boe-es:00add1eb54,Registro de la Propiedad (Property Registry),no rule settles it,2026-09-30
record:FI:border_control:operator,Border Guard HQ is controller of Border Guard personal data and of EES data under Art. 39,finlex-fi:0fd9c900b2,poliisi-fi:7ecbdf0e12,Poliisihallitus (National Police Board),no rule settles it,2026-09-30
record:IE:customs:count,62.8 million customs declarations processed in 2025 through NCTS and AIS/AES,revenue-ie:915815344e,revenue-ie:915815344e,62.8 million customs declarations (2025),no rule settles it,2026-09-30
record:IE:electoral_roll:register,"Local Government Electoral Registration System (LGERS), shared national electoral register database replacing 31 local registers",cdn-electoralcommission-ie:5e8d8912b8,cdn-electoralcommission-ie:5e8d8912b8,Local Government Electoral Registration System (LGERS),no rule settles it,2026-09-30
record:PT:digital_identity_credentials:register,Each Citizen Card carries an authentication certificate and a qualified signature certificate,pgdlisboa-pt:17b2a3a23d,autenticacao-gov-pt:194be1e2ed,Chave Móvel Digital (CMD) (Digital Mobile Key),no rule settles it,2026-09-30
record:PT:electoral_roll:register,The BDRE organises and keeps current the information on registered voters,pgdlisboa-pt:fe960a0e10,sg-mai-gov-pt:3386c433ed,Base de Dados do Recenseamento Eleitoral (Voter Registration Database),no rule settles it,2026-09-30
record:PT:emergency_communications:register,SIRESP (public-safety radio network) and the 112 emergency centre are common services of the security forces,pgdlisboa-pt:4fbc9e4f49,siresp-pt:f1361ecc36,Rede Nacional de Emergência e Segurança – SIRESP (National Emergency and Security Network),no rule settles it,2026-09-30
record:PT:trust_services_pki:operator,The SCEE Management Council is responsible for overall management and administration of the SCEE,pgdlisboa-pt:a3a75620ae,arte-gov-pt:a33e59f581,ARTE (Agência para a Reforma Tecnológica do Estado; Agency for the Technological Reform of the State),no rule settles it,2026-09-30
record:SE:fingerprint_biometric:register,No central register,riksdagen-se:b5b432f138,data-riksdagen-se:b8c78ddd2c,"Biometriregister (biometric registers) of suspects, convicted persons and traces, kept by Polismyndigheten",no rule settles it,2026-09-30
record:SK:trust_services_pki:operator,NASES has operated the Slovak National Certification Authority (SNCA) and provided qualified trust services since 1 August 2019,snca-gov-sk:c4488488e6,nases-gov-sk:79a1c48d63,"NASES (Národná agentúra pre sieťové a elektronické služby), operator of SNCA",no rule settles it,2026-09-30
