Metric,Value,Unit,Formula / Driver
CPU servers,1945,servers,Workload-derived
GPU servers,116,servers,Workload-derived
Storage servers,720,servers,Workload-derived
Total servers,2781,servers,Sum of server classes
Rack equivalents,86.9,racks,Servers / servers per rack
Server IT load,3.982,MW,Workload-derived
Total IT load,4.46,MW,Adds network/other IT
Facility load before headroom,5.575,MW,IT x PUE
Facility design load,6.69,MW,Adds design headroom
Sites required by MW,1,sites,Design MW / site capacity
Recommended sovereign sites,3,sites,"Max(capacity, minimum sites)"
Average design MW/site,2.23,MW/site,Design MW / sites
CPU server CAPEX,23.34,EUR mm,CPU servers x unit cost
GPU server CAPEX,27.84,EUR mm,GPU servers x unit cost
Storage server CAPEX,25.2,EUR mm,Storage servers x unit cost
Network CAPEX,13.75,EUR mm,% of server CAPEX
Facility CAPEX,66.9,EUR mm,Design MW x facility EUR/MW
Total CAPEX,157.03,EUR mm,IT + network + facility
Annual energy,48835.0,MWh/year,"Facility MW x 8,760"
Electricity price used,182.5,EUR/MWh,Country parameter
Annual power OPEX,8.91,EUR mm/year,MWh x EUR/MWh
Annual non-power OPEX,7.07,EUR mm/year,% of total CAPEX
Total annual OPEX,15.98,EUR mm/year,Power + non-power
