host,tier,kind
112.ie,2,public_body
a-trust.at,3,company
acn.gov.it,2,government_or_authority
acs.cultura.gov.it,2,government_or_authority
adm.gov.it,2,government_or_authority
adr.gov.ro,2,government_or_authority
adresse.data.gouv.fr,2,government_or_authority
agid.gov.it,2,government_or_authority
ajpes.si,2,public_body
akd.hr,2,public_body
anagrafenazionale.interno.it,2,public_body
ancpi.ro,2,public_body
anfp.gov.ro,2,government_or_authority
aorta-lsp.nl,3,private_foundation
aped.gov.gr,2,government_or_authority
api.sejm.gov.pl,1,official_law_portal
arch.be,2,public_body
aref.government.bg,2,government_or_authority
arte.gov.pt,2,government_or_authority
asp.government.bg,2,government_or_authority
assets.gov.ie,2,government_or_authority
assets.per.gov.ie,2,government_or_authority
audit.gov.ie,2,audit_office
autenticacao.gov.pt,2,government_or_authority
bbk.bund.de,2,government_or_authority
bg.wikisource.org,4,encyclopedia
bmi.gv.at,2,government_or_authority
bnb.bg,2,public_body
bnr.ro,2,public_body
bo.digital.gov.pt,2,government_or_authority
boe.es,1,official_law_portal
brz.gv.at,2,government_or_authority
bsi.bund.de,2,government_or_authority
bsi.si,2,public_body
bulnao.government.bg,2,audit_office
bundesarchiv.de,2,public_body
bundesdruckerei.de,3,company
bundeskanzleramt.gv.at,2,government_or_authority
ca1.gov.dk,2,government_or_authority
cadastre.bg,2,public_body
carnet.hr,2,public_body
carteadeidentitate.gov.ro,2,government_or_authority
casd.eu,2,public_body
cbs.nl,1,statistics_office
ccss.public.lu,2,government_or_authority
cdn.electoralcommission.ie,2,public_body
celnisprava.gov.cz,2,government_or_authority
census2021.bg,1,statistics_office
centralbank.cy,2,public_body
centralbank.ie,2,public_body
certifikat.gov.dk,2,government_or_authority
civilna-zastita.gov.hr,2,government_or_authority
cnil.fr,2,public_body
cns.public.lu,2,government_or_authority
coi.gov.pl,2,government_or_authority
cpr.dk,2,public_body
crc.bg,2,public_body
crl.justice.gouv.fr,2,government_or_authority
ctie.gouvernement.lu,2,public_body
cuzk.gov.cz,2,government_or_authority
cyber.gouv.fr,2,government_or_authority
cylaw.org,1,official_law_portal
d-trust.net,3,company
dait.interno.gov.it,2,government_or_authority
dap.gov.hu,2,government_or_authority
data.riksdagen.se,1,official_law_portal
datacatalogue.gov.ie,2,government_or_authority
dataprotection.ie,2,public_body
dgu.gov.hr,2,government_or_authority
digid.nl,2,public_body
digitalstrategy.gov.gr,2,government_or_authority
digst.dk,2,public_body
dila.premier-ministre.gouv.fr,1,official_law_portal
diplomatie.gouv.fr,2,government_or_authority
dmu.gov.hu,2,government_or_authority
douane.gouv.fr,2,government_or_authority
douanes.public.lu,2,government_or_authority
drugsandalcohol.ie,2,public_body
dst.dk,1,statistics_office
dv.parliament.bg,1,official_law_portal
dvv.fi,2,public_body
ec.europa.eu,1,eurostat_or_commission
ecrp.gov.si,2,government_or_authority
edu.ro,2,public_body
ehealthrecord.gov.gr,2,government_or_authority
eid.hr,2,public_body
eidas.agid.gov.it,2,government_or_authority
eirgrid.ie,2,public_body
en.wikipedia.org,4,encyclopedia
energetika-portal.si,2,public_body
enterprise.gov.ie,2,government_or_authority
erillisverkot.fi,2,public_body
eso.bg,2,public_body
et.gr,1,official_law_portal
etaamb.openjustice.be,4,unofficial_law_mirror
ezdrav.si,2,public_body
fina.hr,2,public_body
financnisprava.gov.cz,2,government_or_authority
france-identite.gouv.fr,2,government_or_authority
franceconnect.gouv.fr,2,government_or_authority
fsc.bg,2,public_body
fu.gov.si,2,government_or_authority
garda.ie,2,public_body
gazzettaufficiale.it,1,official_law_portal
gegevensbeschermingsautoriteit.be,2,public_body
gesetze-im-internet.de,1,official_law_portal
gov.pl,2,government_or_authority
gov.si,2,government_or_authority
grnet.gr,2,public_body
hiqa.ie,2,public_body
hiteles.gov.hu,2,government_or_authority
hnb.hr,2,public_body
hpsc.ie,2,public_body
hzscr.gov.cz,2,government_or_authority
ibz.rrn.fgov.be,2,government_or_authority
identita.gov.mt,2,government_or_authority
idika.gr,2,public_body
idomsoft.hu,2,public_body
iiop.ie,2,public_body
impotsdirects.public.lu,2,government_or_authority
incert.lu,2,public_body
info.gouv.fr,2,government_or_authority
info.identitaobcana.cz,2,public_body
infobusiness.bcci.bg,3,company
inpi.fr,2,public_body
insee.fr,1,statistics_office
interoperable-europe.ec.europa.eu,2,government_or_authority
iptelecom.pt,3,company
irishimmigration.ie,2,public_body
irishstatutebook.ie,1,official_law_portal
is-bg.net,3,company
istat.it,1,statistics_office
it-alert.it,2,public_body
itzbund.de,2,public_body
kadaster.nl,2,public_body
kormany.hu,2,public_body
kvk.nl,2,public_body
lassuranceretraite.fr,2,public_body
lawspot.gr,4,unofficial_law_mirror
legislation.mt,1,official_law_portal
likumi.lv,1,official_law_portal
logius.nl,2,public_body
lrt.lt,4,press
luxtrust.com,3,company
lvrtc.lv,2,public_body
mai.gov.ro,2,government_or_authority
messervices.cyber.gouv.fr,2,government_or_authority
mfa.bg,2,public_body
mfin.gov.hr,2,government_or_authority
migration.gov.gr,2,government_or_authority
minv.sk,2,public_body
mirri.gov.sk,2,government_or_authority
mlsp.government.bg,2,government_or_authority
mnb.hu,2,public_body
mod.gov.lv,2,government_or_authority
mof.gov.cy,2,government_or_authority
motorolasolutions.com,3,company
mpudt.gov.hr,2,government_or_authority
mtc.government.bg,2,government_or_authority
mv.gov.cz,2,government_or_authority
mvr.bg,2,public_body
n-lex.europa.eu,1,official_law_portal
nacid.bg,2,public_body
narodne-novine.nn.hr,1,official_law_portal
nases.gov.sk,2,government_or_authority
nationalbanken.dk,2,public_body
nbs.sk,2,public_body
nccert.pl,2,public_body
net.jogtar.hu,4,unofficial_law_mirror
news.rik.cy,4,press
nhif.bg,2,public_body
nias.gov.hr,2,government_or_authority
nki.gov.hu,2,government_or_authority
normattiva.it,1,official_law_portal
nsc.vrm.lt,2,public_body
numerique.gouv.fr,2,government_or_authority
nyidanmark.dk,2,public_body
odc-noord.nl,2,public_body
oes.dk,2,public_body
ogcio.gov.ie,2,government_or_authority
opendata.finlex.fi,1,official_law_portal
ozg.brandenburg.de,2,public_body
passport.gov.gr,2,government_or_authority
politi.dk,2,public_body
politiadefrontiera.ro,2,public_body
politis.com.cy,4,press
puesc.gov.pl,2,government_or_authority
rechnungshof.gv.at,2,audit_office
registrulelectoral.ro,2,public_body
repository.eid.belgium.be,2,public_body
repository.eidpki.ee,2,public_body
retsinformation.dk,1,official_law_portal
revenue.ie,2,public_body
revisedacts.lawreform.ie,1,official_law_portal
riigikontroll.ee,2,audit_office
riigipilv.ee,2,public_body
riigiteataja.ee,1,official_law_portal
riksdagen.se,1,official_law_portal
ris.bka.gv.at,1,official_law_portal
roeid.ro,2,public_body
rowater.ro,2,public_body
rvig.nl,2,public_body
santepubliquefrance.fr,2,public_body
scb.se,1,statistics_office
schengen.mai.gov.ro,2,government_or_authority
segabg.com,4,press
senat.fr,2,public_body
sepsas.sk,2,public_body
sgdsn.gouv.fr,2,government_or_authority
si-trust.gov.si,2,government_or_authority
sia.detenteurs.interieur.gouv.fr,2,government_or_authority
sikkerhedsnet.dk,2,public_body
sirp.pt,2,public_body
sistemats.it,2,public_body
siui.casan.ro,2,public_body
skgeodesy.sk,2,public_body
slovensko.sk,2,public_body
snca.gov.sk,2,government_or_authority
snca.public.lu,2,government_or_authority
sodisce.si,2,public_body
spcss.cz,2,public_body
sri.ro,2,public_body
sssvd.gov.cz,2,government_or_authority
statens-it.dk,2,public_body
static.anaf.ro,2,public_body
tailte.ie,2,public_body
teabeamet.ee,2,public_body
toldst.dk,2,public_body
transelectrica.ro,2,public_body
trustedlist.adr.gov.ro,2,government_or_authority
tsl.digital.gob.es,2,government_or_authority
tsl.mca.org.mt,2,public_body
uradni-list.si,1,official_law_portal
val.se,2,public_body
vas.bg,2,public_body
wallet.gov.gr,2,government_or_authority
water.ie,2,public_body
web.archive.org,0,archive_of_another_source
wetten.overheid.nl,1,official_law_portal
zakon.hr,4,unofficial_law_mirror
zakony.judikaty.info,4,unofficial_law_mirror
zakonyprolidi.cz,4,unofficial_law_mirror
zavezanec.zzzs.si,2,public_body
znakovi.hgk.hr,3,chamber_of_commerce
zoek.officielebekendmakingen.nl,1,official_law_portal
zoll.de,2,public_body
zzzs.si,2,public_body
