path,sha256,bundle_sha256
countries/AT/AT-infographic.png,68c07df42306c76c56cb0a9c421e522cfa30a13298a9e927299f92375f926377,0471ec02e705772d2c7e1bc1e2a642e73c69c2996f5a04cb35f11018842745f1
countries/BE/BE-infographic.png,9c10133a90877e1ea09a67cd0b46ffb6b0312adf831aef0a93f7c8206bc1fffe,0471ec02e705772d2c7e1bc1e2a642e73c69c2996f5a04cb35f11018842745f1
countries/BG/BG-infographic.png,daae574783e4a07893983ebf9abd7d28764ddbc3b1d0f7078200ed728fc87dea,0471ec02e705772d2c7e1bc1e2a642e73c69c2996f5a04cb35f11018842745f1
countries/CY/CY-infographic.png,ac5cceac53734868a3a99dc957786164b28cf5f51e24a1b60008bbc43b269823,0471ec02e705772d2c7e1bc1e2a642e73c69c2996f5a04cb35f11018842745f1
countries/CZ/CZ-infographic.png,331cd5b84a0c60027dd3ff0a715f0889aa1ce95c11ffc589ac07b9afbc1c89ec,0471ec02e705772d2c7e1bc1e2a642e73c69c2996f5a04cb35f11018842745f1
countries/DE/DE-infographic.png,398f15eb2c92e33d0adbe5ec8e53d0bff4799264aacd1652e27732708b49ea45,0471ec02e705772d2c7e1bc1e2a642e73c69c2996f5a04cb35f11018842745f1
countries/DK/DK-infographic.png,9919d656a6e992be18d7fe1562df9c6a4ddcabe0fc1153b0460098dbf0098bb4,0471ec02e705772d2c7e1bc1e2a642e73c69c2996f5a04cb35f11018842745f1
countries/EE/EE-infographic.png,0d08cadb0c5bf83f47245d4a0924b60283f796f5aac5c088d217637ce29fcafd,0471ec02e705772d2c7e1bc1e2a642e73c69c2996f5a04cb35f11018842745f1
countries/EL/EL-infographic.png,ea878cb566e593f4c07d2e2e8d417427fee3c5c5ae38432dd313fac907b78216,0471ec02e705772d2c7e1bc1e2a642e73c69c2996f5a04cb35f11018842745f1
countries/ES/ES-infographic.png,fbab7fe5fd72c22a3a0c21506bec12fb22e15b8ccca2605a14d128eb7fc4129a,0471ec02e705772d2c7e1bc1e2a642e73c69c2996f5a04cb35f11018842745f1
countries/FI/FI-infographic.png,a7d827e53a2a5282dd0d84841415b86e32ad514109613838d73750d1673d914e,0471ec02e705772d2c7e1bc1e2a642e73c69c2996f5a04cb35f11018842745f1
countries/FR/FR-infographic.png,6cfb928461ed5366054722354e96d9efafec4454d62a4a8bb3294470daad0518,0471ec02e705772d2c7e1bc1e2a642e73c69c2996f5a04cb35f11018842745f1
countries/HR/HR-infographic.png,9e99fba0060187b0ae12caa2bdc5f6af8651cb1f553de274c481754fb7316d74,0471ec02e705772d2c7e1bc1e2a642e73c69c2996f5a04cb35f11018842745f1
countries/HU/HU-infographic.png,faa2bbfcda9dc363b52206c43af6e1770089ad2d5cd5baea5b00c62adee4d498,0471ec02e705772d2c7e1bc1e2a642e73c69c2996f5a04cb35f11018842745f1
countries/IE/IE-infographic.png,6a73911d9b9748872a95b821a0229547286e5b1da2273b911821de1a2be0d8e9,0471ec02e705772d2c7e1bc1e2a642e73c69c2996f5a04cb35f11018842745f1
countries/IT/IT-infographic.png,53bab35f8fb23477e012c1581e84734dbb6b8b1018e679d9421ab348afec4c70,0471ec02e705772d2c7e1bc1e2a642e73c69c2996f5a04cb35f11018842745f1
countries/LT/LT-infographic.png,461d07caba630d86ab02fe1ce61cfa9c867032060afed856eeb42ffdc38df496,0471ec02e705772d2c7e1bc1e2a642e73c69c2996f5a04cb35f11018842745f1
countries/LU/LU-infographic.png,b5ea1f84565354b3c05fed235f2259cc57c6c1596d5a3b7d0b10d85d6df75dba,0471ec02e705772d2c7e1bc1e2a642e73c69c2996f5a04cb35f11018842745f1
countries/LV/LV-infographic.png,7a4bb07131591b84583ad807737fc341e5f58222c81437765d2c3dababb612c7,0471ec02e705772d2c7e1bc1e2a642e73c69c2996f5a04cb35f11018842745f1
countries/MT/MT-infographic.png,e732d88bec1d007b53beecac7b96d8d5f4efc211ab86d13d85de964a0418cdfc,0471ec02e705772d2c7e1bc1e2a642e73c69c2996f5a04cb35f11018842745f1
countries/NL/NL-infographic.png,043f98a3a4c2d19828a57c73ae8ecf6e2f4f7c000da8721928e36889fbed1efe,0471ec02e705772d2c7e1bc1e2a642e73c69c2996f5a04cb35f11018842745f1
countries/PL/PL-infographic.png,b0bf1c44d22da646d0aec749256fc4b992093405342f07c0073cf50c0e577c63,0471ec02e705772d2c7e1bc1e2a642e73c69c2996f5a04cb35f11018842745f1
countries/PT/PT-infographic.png,ffb5be47bd1bf71177479b6d3cb259e524829ba1fafff40cd108d85d9b97b1d3,0471ec02e705772d2c7e1bc1e2a642e73c69c2996f5a04cb35f11018842745f1
countries/RO/RO-infographic.png,1b1aadb21038cb97ff8bbf757bfa68a2c7bb70def880ca9acc6602bf60731551,0471ec02e705772d2c7e1bc1e2a642e73c69c2996f5a04cb35f11018842745f1
countries/SE/SE-infographic.png,64833f030878ee2648240b93c6a7b1d2279ae66e1ae1e82bdb1d02a1a00c24dc,0471ec02e705772d2c7e1bc1e2a642e73c69c2996f5a04cb35f11018842745f1
countries/SI/SI-infographic.png,4cff7e91f319121524a0e182762bb837f08f6d224cb0cc0717b183c452b28db6,0471ec02e705772d2c7e1bc1e2a642e73c69c2996f5a04cb35f11018842745f1
countries/SK/SK-infographic.png,affa701e3b25b15531e22c2ef3bb3056365d486392d4020d7e35dd6c2873b5db,0471ec02e705772d2c7e1bc1e2a642e73c69c2996f5a04cb35f11018842745f1
